game,action_group,label,n,pearson,pearson_p,spearman,spearman_p
air_raid,horizontal,Horizontal,12,-0.26045425157361635,0.41358577057438867,-0.3502632341691732,0.26434439552630823
air_raid,vertical,Vertical,12,nan,nan,nan,nan
air_raid,fire,Fire / Button,12,0.24510140848297549,0.442596797717128,0.3607711311942483,0.24928250596238008
air_raid,noop,Noop,12,-0.009560556328216667,0.976474935578679,-0.2556921609434964,0.422481142333308
assault,horizontal,Horizontal,12,-0.4406682691273989,0.15162208716392284,-0.574431704037444,0.050765334660570934
assault,vertical,Vertical,12,0.19164132909128426,0.5507269729942369,0.37127902821932357,0.2347366906291988
assault,fire,Fire / Button,12,0.19336949302036155,0.5470703086964577,0.37127902821932357,0.2347366906291988
assault,noop,Noop,12,0.22187158782520702,0.48827502502237147,0.2837132196770302,0.37150966693927856
beam_rider,horizontal,Horizontal,12,0.20790827415572022,0.5167155757496689,-0.03152369107522559,0.9225248645215405
beam_rider,vertical,Vertical,12,nan,nan,nan,nan
beam_rider,fire,Fire / Button,12,-0.4401050161227736,0.1522072446374052,-0.3467606018274814,0.2694793884630332
beam_rider,noop,Noop,12,0.49953190003634523,0.09821955822697195,0.39220733735384494,0.207306966059094
boxing,horizontal,Horizontal,12,-0.05992989746726762,0.8532202575300339,-0.10858160259244368,0.7369437083547932
boxing,vertical,Vertical,12,-0.354151166264857,0.2587114399987843,-0.33975533714409795,0.2799203496864415
boxing,fire,Fire / Button,12,0.36367534532287427,0.24521060703779762,0.29772374904379717,0.34729146092788776
boxing,noop,Noop,12,0.4673733949480666,0.12551523262696465,0.31674916417143134,0.31580167159163547
breakout,horizontal,Horizontal,12,-0.3574432519515924,0.25399688365017015,-0.3537658665108649,0.25926652867631444
breakout,vertical,Vertical,12,nan,nan,nan,nan
breakout,fire,Fire / Button,12,-0.23366375982933318,0.46482535063855607,0.12609476430090236,0.6961737926666621
breakout,noop,Noop,12,0.36851742939026594,0.23850943282755133,0.3537658665108649,0.25926652867631444
demon_attack,horizontal,Horizontal,12,0.2744587271433807,0.3879753370522133,0.4175464299643898,0.17683562352208243
demon_attack,vertical,Vertical,12,nan,nan,nan,nan
demon_attack,fire,Fire / Button,12,-0.30071585512356447,0.34223164406931017,-0.5272415875321528,0.0781544850554036
demon_attack,noop,Noop,12,0.14674872954895093,0.6490312291891152,0.5125641267962315,0.08839645659682009
fishing_derby,horizontal,Horizontal,12,0.32338966508980477,0.30519584385645515,-0.1331000289842858,0.6800638459197366
fishing_derby,vertical,Vertical,12,0.40665629947557297,0.18956513302408023,0.4518395720782334,0.14031277047271032
fishing_derby,fire,Fire / Button,12,-0.3358698058712652,0.28580953539501924,-0.31929824561403514,0.3117066711104011
fishing_derby,noop,Noop,12,-0.1748654822932493,0.5867360550383947,-0.3522966276642545,0.26138956518808537
freeway,horizontal,Horizontal,12,nan,nan,nan,nan
freeway,vertical,Vertical,12,0.9453357462414091,3.505769635420228e-06,0.9358880941772341,7.655321781163285e-06
freeway,fire,Fire / Button,12,nan,nan,nan,nan
freeway,noop,Noop,12,-0.9453357462414094,3.5057696354201584e-06,-0.9358880941772341,7.655321781163285e-06
gopher,horizontal,Horizontal,12,0.19874271503615398,0.5357660720313895,0.28320757726345364,0.3723997586241108
gopher,vertical,Vertical,12,nan,nan,nan,nan
gopher,fire,Fire / Button,12,0.053810331683308885,0.868086059923724,0.10974293618958829,0.7342195512298418
gopher,noop,Noop,12,-0.215265815722356,0.5016404514073378,-0.1062028414737951,0.7425322589549037
ice_hockey,horizontal,Horizontal,12,0.03268400330382337,0.919681163711646,-0.0035337674637010976,0.9913037639255571
ice_hockey,vertical,Vertical,12,0.41210957016843514,0.18312197600060745,0.6219430736113932,0.03082681425849714
ice_hockey,fire,Fire / Button,12,0.28701096936667586,0.36573185215351894,-0.01766883731850549,0.9565361899376668
ice_hockey,noop,Noop,12,-0.11065045560041276,0.732092724188612,-0.1339787690606471,0.678051499832737
journey_escape,horizontal,Horizontal,12,-0.3410874399723828,0.2779174005303736,-0.18881118881118883,0.5567370561768314
journey_escape,vertical,Vertical,12,-0.7858710321020995,0.0024434539850658977,-0.7902097902097903,0.0022231354099909195
journey_escape,fire,Fire / Button,12,nan,nan,nan,nan
journey_escape,noop,Noop,12,0.6677349796552927,0.017650961743190693,0.6643356643356644,0.01845271802844544
laser_gates,horizontal,Horizontal,12,0.2969732650306772,0.3485668083570613,-0.006993006993006993,0.9827917689028476
laser_gates,vertical,Vertical,12,0.013623706402811315,0.9664812057159983,-0.16783216783216784,0.602099427786538
laser_gates,fire,Fire / Button,12,-0.3186915942335489,0.3126785533668637,-0.44755244755244755,0.14458630130334754
laser_gates,noop,Noop,12,-0.06279466639093205,0.8462758432353279,0.3416911067104122,0.277012434382463
name_this_game,horizontal,Horizontal,12,0.3146788777117178,0.3191492238956753,0.3076923076923077,0.3305892594121097
name_this_game,vertical,Vertical,12,nan,nan,nan,nan
name_this_game,fire,Fire / Button,12,0.5936666977434603,0.041840373978946646,0.10489510489510491,0.7456094809807079
name_this_game,noop,Noop,12,-0.5820009414538743,0.04710767749016352,0.007118564723133589,0.9824828407045115
pacman,horizontal,Horizontal,12,-0.6910063373780618,0.012830104540394559,-0.5594405594405596,0.05858947538856761
pacman,vertical,Vertical,12,0.6681588828660093,0.017552803590226988,0.5664335664335665,0.05484211977540786
pacman,fire,Fire / Button,12,nan,nan,nan,nan
pacman,noop,Noop,12,0.11928989105500022,0.7119341177378853,-0.004160459499865046,0.9897616054955951
phoenix,horizontal,Horizontal,12,0.541456483167767,0.06903773251377894,0.4763579984700755,0.11744175687902239
phoenix,vertical,Vertical,12,0.39224743063668643,0.20725638622473358,0.5629482194634996,0.05668822522889845
phoenix,fire,Fire / Button,12,-0.39644838217946005,0.20199831989403197,-0.4343264103697747,0.15829394366797925
phoenix,noop,Noop,12,-0.08183239632825713,0.8004028900225865,-0.15061319069274445,0.6403345250750125
qbert,horizontal,Horizontal,12,-0.344056116533108,0.27348328909092723,-0.2491243405669889,0.43490222874732254
qbert,vertical,Vertical,12,-0.344056116533108,0.27348328909092723,-0.2491243405669889,0.43490222874732254
qbert,fire,Fire / Button,12,nan,nan,nan,nan
qbert,noop,Noop,12,0.3440561165331082,0.27348328909092723,0.2491243405669889,0.43490222874732254
riverraid,horizontal,Horizontal,12,-0.5256585070287646,0.07921813277727249,-0.44755244755244755,0.14458630130334754
riverraid,vertical,Vertical,12,0.2296153257267932,0.4728159715033052,0.6223776223776225,0.03067589506164013
riverraid,fire,Fire / Button,12,0.5191033175848093,0.08372750992232128,0.3636363636363637,0.2452650007307772
riverraid,noop,Noop,12,0.15516087649192956,0.6301532833959305,-0.06338185336835989,0.844853681587023
robotank,horizontal,Horizontal,12,0.16495421745353286,0.6084294870866955,0.003565747911603346,0.9912250660088198
robotank,vertical,Vertical,12,-0.10999389181538377,0.7336312492263215,-0.0855779498784803,0.7914409886368359
robotank,fire,Fire / Button,12,-0.22158726592286987,0.4888469426325368,0.10340668943649703,0.7491160115086661
robotank,noop,Noop,12,-0.07638747359855091,0.8134700757450493,-0.050273269998457895,0.876696595482134
seaquest,horizontal,Horizontal,12,0.00037905876678512215,0.9990671602448289,-0.087719838227813,0.7863264698390713
seaquest,vertical,Vertical,12,0.04123906250694583,0.8987430186587482,-0.1473693282227258,0.6476318662945755
seaquest,fire,Fire / Button,12,0.651284603854666,0.021780152779808114,0.6842147381769412,0.014121331349722011
seaquest,noop,Noop,12,-0.1831023408290833,0.5689412905447491,-0.08731950264214218,0.7872818303502032
tennis,horizontal,Horizontal,12,-0.08742092648172366,0.7870397670693488,-0.09876927247871256,0.7600689491916417
tennis,vertical,Vertical,12,0.4979819069780609,0.09943448246723398,0.3809671938464628,0.22178379979504784
tennis,fire,Fire / Button,12,-0.6321881176429416,0.02740830488516112,-0.6596376411971161,0.019604266421649964
tennis,noop,Noop,12,0.404038895208301,0.1927067941440244,0.4338793041029159,0.15877123391969983
time_pilot,horizontal,Horizontal,12,-0.2785350100883703,0.38067733013553895,-0.37038477179517215,0.23595446333379674
time_pilot,vertical,Vertical,12,0.2609041418083924,0.4127502499298756,0.01410989606838751,0.9652856434422379
time_pilot,fire,Fire / Button,12,-0.054180738989774734,0.8671850948856816,0.09876927247871256,0.7600689491916417
time_pilot,noop,Noop,12,-0.04497222087474055,0.8896240829695647,0.17922644963073198,0.5772876797652844
